Date,S&P 500 Low Volatility Index
2016-06-28,6664.84
2016-06-29,6735.39
2016-06-30,6887.84
2016-07-01,6887.97
2016-07-05,6907.48
2016-07-06,6917.71
2016-07-07,6877.38
2016-07-08,6949.25
2016-07-11,6950.82
2016-07-12,6919.63
2016-07-13,6947.84
2016-07-14,6941.22
2016-07-15,6940.51
2016-07-18,6932.08
2016-07-19,6938.69
2016-07-20,6930.92
2016-07-21,6912.85
2016-07-22,6951
2016-07-25,6933.49
2016-07-26,6909.76
2016-07-27,6854.69
2016-07-28,6887.65
2016-07-29,6903.06
2016-08-01,6908.21
2016-08-02,6878.98
2016-08-03,6850.62
2016-08-04,6852.71
2016-08-05,6851.99
2016-08-08,6837.95
2016-08-09,6845.4
2016-08-10,6851.93
2016-08-11,6861.87
2016-08-12,6858.73
2016-08-15,6837.76
2016-08-16,6781.75
2016-08-17,6818.54
2016-08-18,6839.81
2016-08-19,6814.01
2016-08-22,6825.18
2016-08-23,6804.7
2016-08-24,6792.71
2016-08-25,6797.48
2016-08-26,6740.43
2016-08-29,6790.52
2016-08-30,6755.4
2016-08-31,6758.87
2016-09-01,6747.17
2016-09-02,6796.32
2016-09-06,6822.15
2016-09-07,6793.68
2016-09-08,6768.45
2016-09-09,6570.15
2016-09-12,6669.5
2016-09-13,6575.73
2016-09-14,6576.24
2016-09-15,6627.74
2016-09-16,6621.19
2016-09-19,6648.87
2016-09-20,6657.1
2016-09-21,6744.53
2016-09-22,6794.37
2016-09-23,6761.95
2016-09-26,6732.27
2016-09-27,6735.14
2016-09-28,6733.4
2016-09-29,6657.77
2016-09-30,6676.69
2016-10-03,6623.28
2016-10-04,6544.16
2016-10-05,6529.98
2016-10-06,6540.2
2016-10-07,6521.63
2016-10-10,6547.05
2016-10-11,6473.64
2016-10-12,6521.83
2016-10-13,6537.93
2016-10-14,6526.71
2016-10-17,6524.08
2016-10-18,6540.61
2016-10-19,6527.05
2016-10-20,6494.18
2016-10-21,6485.16
2016-10-24,6505.69
2016-10-25,6505.19
2016-10-26,6496.67
2016-10-27,6449.98
2016-10-28,6474.37
2016-10-31,6517.27
2016-11-01,6437.83
2016-11-02,6409.96
2016-11-03,6401.51
2016-11-04,6379.97
2016-11-07,6489.37
2016-11-08,6534.61
2016-11-09,6497.14
2016-11-10,6460.9
2016-11-11,6459.54
2016-11-14,6460.3
2016-11-15,6497.65
2016-11-16,6484.12
2016-11-17,6499.4
2016-11-18,6487.99
2016-11-21,6527.36
2016-11-22,6551.79
2016-11-23,6542.03
2016-11-25,6594.83
2016-11-28,6613.59
2016-11-29,6635.75
2016-11-30,6534.9
2016-12-01,6500.32
2016-12-02,6520.76
2016-12-05,6532.51
2016-12-06,6545.81
2016-12-07,6627.09
2016-12-08,6617.94
2016-12-09,6664.69
2016-12-12,6699.77
2016-12-13,6729.42
2016-12-14,6653.03
2016-12-15,6673.1
2016-12-16,6701.36
2016-12-19,6729.14
2016-12-20,6739.49
2016-12-21,6716.68
2016-12-22,6721.35
2016-12-23,6723.56
2016-12-27,6729.1
2016-12-28,6675.42
2016-12-29,6708.79
2016-12-30,6684.3
2017-01-03,6698.94
2017-01-04,6723.33
2017-01-05,6725.45
2017-01-06,6735.14
2017-01-09,6683.85
2017-01-10,6672.27
2017-01-11,6691.94
2017-01-12,6684.22
2017-01-13,6687.05
2017-01-17,6713.01
2017-01-18,6728.44
2017-01-19,6692.83
2017-01-20,6715.27
2017-01-23,6691.66
2017-01-24,6711.45
2017-01-25,6721.78
2017-01-26,6718.23
2017-01-27,6719.86
2017-01-30,6703.03
2017-01-31,6726.07
2017-02-01,6663.06
2017-02-02,6703.84
2017-02-03,6740.71
2017-02-06,6715.12
2017-02-07,6730.38
2017-02-08,6763.95
2017-02-09,6781.18
2017-02-10,6809.21
2017-02-13,6839.62
2017-02-14,6833.17
2017-02-15,6856.15
2017-02-16,6884.49
2017-02-17,6905.23
2017-02-21,6943.25
2017-02-22,6949.88
2017-02-23,6981.62
2017-02-24,7022.29
2017-02-27,7005.28
2017-02-28,7012.74
2017-03-01,7060.93
2017-03-02,7047.54
2017-03-03,7029.5
2017-03-06,7012.03
2017-03-07,7002.09
2017-03-08,6964.82
2017-03-09,6963.76
2017-03-10,6996.17
2017-03-13,7005.66
2017-03-14,6991.91
2017-03-15,7058.79
2017-03-16,7033.41
2017-03-17,7063.02
2017-03-20,7040.48
2017-03-21,7018.98
2017-03-22,7024.41
2017-03-23,7018.94
2017-03-24,7011.35
2017-03-27,6992.96
2017-03-28,7017.68
2017-03-29,6993.81
2017-03-30,6999.72
2017-03-31,6990.1
2017-04-03,6974.98
2017-04-04,6981.96
2017-04-05,6983.23
2017-04-06,6980.23
2017-04-07,6975.78
2017-04-10,6987.59
2017-04-11,6992.33
2017-04-12,6987.67
2017-04-13,6955.41
2017-04-17,7010.96
2017-04-18,7013.77
2017-04-19,6998.02
2017-04-20,7019.24
2017-04-21,7017.13
2017-04-24,7072.84
2017-04-25,7096.48
2017-04-26,7071.26
2017-04-27,7084.99
2017-04-28,7058.12
2017-05-01,7040
2017-05-02,7041.08
2017-05-03,7030.22
2017-05-04,7068.8
2017-05-05,7101.39
2017-05-08,7085.11
2017-05-09,7059.46
2017-05-10,7059.84
2017-05-11,7048.66
2017-05-12,7036
2017-05-15,7065.99
2017-05-16,7035.2
2017-05-17,7004.99
2017-05-18,7028.25
2017-05-19,7063.73
2017-05-22,7116.14
2017-05-23,7125.58
2017-05-24,7156.63
2017-05-25,7201.67
2017-05-26,7202.68
2017-05-30,7207.74
2017-05-31,7231.73
2017-06-01,7281.31
2017-06-02,7303.74
2017-06-05,7287.02
2017-06-06,7258.06
2017-06-07,7268.54
2017-06-08,7235.65
2017-06-09,7258.38
2017-06-12,7259.1
2017-06-13,7287.02
2017-06-14,7305.1
2017-06-15,7327.49
2017-06-16,7332.94
2017-06-19,7354.48
2017-06-20,7318.43
2017-06-21,7286.75
2017-06-22,7261.99
2017-06-23,7261.18
2017-06-26,7278.56
2017-06-27,7223.56
2017-06-28,7249.64
2017-06-29,7172.95
2017-06-30,7191.32
2017-07-03,7199.99
2017-07-05,7197.46
2017-07-06,7144
2017-07-07,7184.7
2017-07-10,7169.22
2017-07-11,7154.96
2017-07-12,7195.92
2017-07-13,7191.29
2017-07-14,7222.67
2017-07-17,7226.14
2017-07-18,7232.34
2017-07-19,7259.03
2017-07-20,7264.41
2017-07-21,7279.92
2017-07-24,7256.17
2017-07-25,7262.47
2017-07-26,7259.6
2017-07-27,7279.15
2017-07-28,7271.88
2017-07-31,7281.4
2017-08-01,7303.68
2017-08-02,7308.44
2017-08-03,7321.26
2017-08-04,7322.11
2017-08-07,7324.08
2017-08-08,7303.64
2017-08-09,7312.04
2017-08-10,7271.12
2017-08-11,7261.05
2017-08-14,7322.6
2017-08-15,7331.36
2017-08-16,7358.12
2017-08-17,7274.55
2017-08-18,7262.2
2017-08-21,7282.61
2017-08-22,7337.37
2017-08-23,7308.61
2017-08-24,7279.41
2017-08-25,7302.98
2017-08-28,7297.69
2017-08-29,7302.91
2017-08-30,7304.37
2017-08-31,7325.8
2017-09-01,7319.9
2017-09-05,7276.96
2017-09-06,7283.6
2017-09-07,7273.43
2017-09-08,7319.43
2017-09-11,7389.83
2017-09-12,7379.83
2017-09-13,7353.55
2017-09-14,7365.83
2017-09-15,7381.19
2017-09-18,7385.69
2017-09-19,7390.89
2017-09-20,7394.59
2017-09-21,7372.06
2017-09-22,7366.68
2017-09-25,7374.36
2017-09-26,7357.08
2017-09-27,7341.68
2017-09-28,7353.94
2017-09-29,7369
2017-10-02,7398.96
2017-10-03,7405.47
2017-10-04,7425.54
2017-10-05,7442.03
2017-10-06,7431.37
2017-10-09,7428.62
2017-10-10,7457.91
2017-10-11,7474.34
2017-10-12,7491.8
2017-10-13,7487.86
2017-10-16,7488.31
2017-10-17,7487.4
2017-10-18,7487.3
2017-10-19,7515.31
2017-10-20,7543.41
2017-10-23,7534.53
2017-10-24,7534.39
2017-10-25,7506.87
2017-10-26,7529.41
2017-10-27,7536.33
2017-10-30,7494.08
2017-10-31,7501.7
2017-11-01,7513.36
2017-11-02,7529.6
2017-11-03,7536.24
2017-11-06,7524
2017-11-07,7559.4
2017-11-08,7578.78
2017-11-09,7558.31
2017-11-10,7558.05
2017-11-13,7589.34
2017-11-14,7619.93
2017-11-15,7568.5
2017-11-16,7599.15
2017-11-17,7567.06
2017-11-20,7584.07
2017-11-21,7620.93
2017-11-22,7596.4
2017-11-24,7609.65
2017-11-27,7628.11
2017-11-28,7695.51
2017-11-29,7715.34
2017-11-30,7770.23
2017-12-01,7745.33
2017-12-04,7746.21
2017-12-05,7696.64
2017-12-06,7706.91
2017-12-07,7707.55
2017-12-08,7735.75
2017-12-11,7747.52
2017-12-12,7718.71
2017-12-13,7718.85
2017-12-14,7688
2017-12-15,7747.22
2017-12-18,7741.37
2017-12-19,7695.62
2017-12-20,7669.79
2017-12-21,7644.03
2017-12-22,7648.06
2017-12-26,7643.94
2017-12-27,7667.19
2017-12-28,7689.76
2017-12-29,7668.59
2018-01-02,7629.57
2018-01-03,7654.95
2018-01-04,7674.92
2018-01-05,7703.93
2018-01-08,7729.54
2018-01-09,7723.71
2018-01-10,7683.96
2018-01-11,7696.83
2018-01-12,7715.59
2018-01-16,7692.09
2018-01-17,7762.01
2018-01-18,7736.6
2018-01-19,7763.7
2018-01-22,7792.57
2018-01-23,7811.79
2018-01-24,7821.31
2018-01-25,7876.48
2018-01-26,7940.25
2018-01-29,7877.3
2018-01-30,7837.99
2018-01-31,7866.27
2018-02-01,7828.54
2018-02-02,7712.44
2018-02-05,7434.9
2018-02-06,7458.56
2018-02-07,7442.83
2018-02-08,7225.46
2018-02-09,7352.33
2018-02-12,7425.98
2018-02-13,7453.12
2018-02-14,7490.6
2018-02-15,7592.98
2018-02-16,7622.27
2018-02-20,7554.13
2018-02-21,7490.62
2018-02-22,7505.54
2018-02-23,7628.4
2018-02-26,7683.92
2018-02-27,7591.13
2018-02-28,7514.95
2018-03-01,7431.26
2018-03-02,7444.57
2018-03-05,7541.06
2018-03-06,7529.22
2018-03-07,7532.94
2018-03-08,7588
2018-03-09,7691.68
2018-03-12,7672.94
2018-03-13,7652.18
2018-03-14,7628.27
2018-03-15,7642.64
2018-03-16,7681.9
2018-03-19,7620.81
2018-03-20,7636.84
2018-03-21,7610.95
2018-03-22,7475.89
2018-03-23,7353.73
2018-03-26,7492.32
2018-03-27,7466.72
2018-03-28,7484.35
2018-03-29,7559.98
2018-04-02,7437.03
2018-04-03,7511.35
2018-04-04,7573.35
2018-04-05,7614.49
2018-04-06,7492.82
2018-04-09,7500.64
2018-04-10,7548.78
2018-04-11,7509.93
2018-04-12,7512.81
2018-04-13,7522.55
2018-04-16,7596.93
2018-04-17,7653.21
2018-04-18,7649.45
2018-04-19,7616.89
2018-04-20,7559.72
2018-04-23,7552.99
2018-04-24,7479.62
2018-04-25,7472.17
2018-04-26,7538.12
2018-04-27,7556.49
2018-04-30,7509.39
2018-05-01,7509.49
2018-05-02,7441.23
2018-05-03,7452.23
2018-05-04,7517.44
2018-05-07,7524.09
2018-05-08,7485.41
2018-05-09,7511.33
2018-05-10,7576.3
2018-05-11,7585.6
2018-05-14,7555.9
2018-05-15,7500.81
2018-05-16,7486.99
2018-05-17,7470.17
2018-05-18,7470.81
2018-05-21,7514.53
2018-05-22,7501.59
2018-05-23,7541.24
2018-05-24,7547.79
2018-05-25,7552.15
2018-05-29,7501.06
2018-05-30,7597.41
2018-05-31,7542.68
2018-06-01,7558.6
2018-06-04,7577.11
2018-06-05,7557.9
2018-06-06,7560.62
2018-06-07,7567.97
2018-06-08,7602.29
2018-06-11,7582.54
2018-06-12,7611.19
2018-06-13,7570.73
2018-06-14,7602.01
2018-06-15,7633.58
2018-06-18,7611.28
2018-06-19,7610.34
2018-06-20,7605.09
2018-06-21,7583.17
2018-06-22,7624.29
2018-06-25,7636.27
2018-06-26,7626.58
2018-06-27,7587.11
2018-06-28,7627.29
2018-06-29,7632.56
2018-07-02,7643.4
2018-07-03,7646.36
2018-07-05,7704.82
2018-07-06,7741.54
2018-07-09,7703.85
2018-07-10,7749.32
2018-07-11,7746.69
2018-07-12,7787.47
2018-07-13,7790.24
2018-07-16,7768.62
2018-07-17,7784.91
2018-07-18,7779.53
2018-07-19,7793.31
2018-07-20,7764.71
2018-07-23,7742.78
2018-07-24,7755.82
2018-07-25,7819.5
2018-07-26,7877.44
2018-07-27,7845.08
2018-07-30,7798.84
2018-07-31,7894.4
2018-08-01,7864.47
2018-08-02,7866.59
2018-08-03,7925.73
2018-08-06,7938.27
2018-08-07,7940.34
2018-08-08,7917.55
2018-08-09,7921.22
2018-08-10,7881.09
2018-08-13,7870.87
2018-08-14,7899.65
2018-08-15,7911.36
2018-08-16,7976.04
2018-08-17,8019.08
2018-08-20,8020.59
2018-08-21,7991.75
2018-08-22,7954.35
2018-08-23,7950.59
2018-08-24,7998.29
2018-08-27,8004.04
2018-08-28,8003.59
2018-08-29,8035.59
2018-08-30,8009.17
2018-08-31,8017.75
2018-09-04,8012.25
2018-09-05,8062.83
2018-09-06,8088.7
2018-09-07,8038.74
2018-09-10,8072.18
2018-09-11,8075.67
2018-09-12,8070.11
2018-09-13,8110.15
2018-09-14,8086.18
2018-09-17,8085.3
2018-09-18,8080.58
2018-09-19,8025
2018-09-20,8074.59
2018-09-21,8090.9
2018-09-24,8007.7
2018-09-25,7966.48
2018-09-26,7904.72
2018-09-27,7915.67
2018-09-28,7968.64
2018-10-01,7956.99
2018-10-02,7977.78
2018-10-03,7928.73
2018-10-04,7920.51
2018-10-05,7939.12
2018-10-08,7986.98
2018-10-09,7980.5
2018-10-10,7825.11
2018-10-11,7625.52
2018-10-12,7649.47
2018-10-15,7646.91
2018-10-16,7775.66
2018-10-17,7787.93
2018-10-18,7745.22
2018-10-19,7798.5
2018-10-22,7734.64
2018-10-23,7717.37
2018-10-24,7690.18
2018-10-25,7726.84
2018-10-26,7612.36
2018-10-29,7670.49
2018-10-30,7748.53
2018-10-31,7732.23
2018-11-01,7751.95
2018-11-02,7718.55
2018-11-05,7798.24
2018-11-06,7846.47
2018-11-07,7959.99
2018-11-08,7974.3
2018-11-09,7995.15
2018-11-12,7952.6
2018-11-13,7950.62
2018-11-14,7908.53
2018-11-15,7943.3
2018-11-16,7999.54
2018-11-19,7984.13
2018-11-20,7892.63
2018-11-21,7851.67
2018-11-23,7838.23
2018-11-26,7889.44
2018-11-27,7916.95
2018-11-28,8013.07
2018-11-29,8003.81
2018-11-30,8085.56
2018-12-03,8126.19
2018-12-04,7998.59
2018-12-06,8011.07
2018-12-07,7922.83
2018-12-10,7924.02
2018-12-11,7925.75
2018-12-12,7898.44
2018-12-13,7934.67
2018-12-14,7844.32
2018-12-17,7648.31
2018-12-18,7637.56
2018-12-19,7576.25
2018-12-20,7509.15
2018-12-21,7431.24
2018-12-24,7167.29
2018-12-26,7388.13
2018-12-27,7460.45
2018-12-28,7450.85
2018-12-31,7503.26
2019-01-02,7392.55
2019-01-03,7315.36
2019-01-04,7465.14
2019-01-07,7466.7
2019-01-08,7550.96
2019-01-09,7546.02
2019-01-10,7623.83
2019-01-11,7620.86
2019-01-14,7574.47
2019-01-15,7660.01
2019-01-16,7680.21
2019-01-17,7728.19
2019-01-18,7792.82
2019-01-22,7767.43
2019-01-23,7807.04
2019-01-24,7798.95
2019-01-25,7814.72
2019-01-28,7807.91
2019-01-29,7830.74
2019-01-30,7911.91
2019-01-31,7992.21
2019-02-01,8003.56
2019-02-04,8039.85
2019-02-05,8062.31
2019-02-06,8048.01
2019-02-07,8075.2
2019-02-08,8109.82
2019-02-11,8114.59
2019-02-12,8152
2019-02-13,8171
2019-02-14,8132.96
2019-02-15,8205.38
2019-02-19,8222.32
2019-02-20,8232.98
2019-02-21,8255.25
2019-02-22,8292.97
2019-02-25,8268.01
2019-02-26,8259.82
2019-02-27,8269.13
2019-02-28,8299.19
2019-03-01,8314.94
2019-03-04,8305.46
2019-03-05,8295.19
2019-03-06,8270.32
2019-03-07,8245.08
2019-03-08,8237.61
2019-03-11,8323.18
2019-03-12,8355.22
2019-03-13,8387.26
2019-03-14,8385.68
2019-03-15,8405.84
2019-03-18,8389.48
2019-03-19,8341.32
2019-03-20,8315.18
2019-03-21,8405.3
2019-03-22,8380.16
2019-03-25,8388.54
2019-03-26,8456.02
2019-03-27,8428.64
2019-03-28,8430
2019-03-29,8467.75
2019-04-01,8474.64
2019-04-02,8485.16
2019-04-03,8483.2
2019-04-04,8467.63
2019-04-05,8512.19
2019-04-08,8488.98
2019-04-09,8469.32
2019-04-10,8489.45
2019-04-11,8502.98
2019-04-12,8550.74
2019-04-15,8545.29
2019-04-16,8478.87
2019-04-17,8432.8
2019-04-18,8455.42
2019-04-22,8425.83
2019-04-23,8491.16
2019-04-24,8520.93
2019-04-25,8538.03
2019-04-26,8584.33
2019-04-29,8562.35
2019-04-30,8658.18
2019-05-01,8577.12
2019-05-02,8579.51
2019-05-03,8627.39
2019-05-06,8605.75
2019-05-07,8505.7
2019-05-08,8484.07
2019-05-09,8485.03
2019-05-10,8586.96
2019-05-13,8539.89
2019-05-14,8550.03
2019-05-15,8571.68
2019-05-16,8640.91
2019-05-17,8638.55
2019-05-20,8612.23
2019-05-21,8655.62
2019-05-22,8680.18
2019-05-23,8674.78
2019-05-24,8683.17
2019-05-28,8585.5
2019-05-29,8526.87
2019-05-30,8555.07
2019-05-31,8553.9
2019-06-03,8628
2019-06-04,8670.66
2019-06-05,8825.21
2019-06-06,8862.88
2019-06-07,8879.7
2019-06-10,8865.63
2019-06-11,8836.89
2019-06-12,8885.01
2019-06-13,8885.72
2019-06-14,8927.67
2019-06-17,8904.77
2019-06-18,8903.65
2019-06-19,8957.57
2019-06-20,9004.96
2019-06-21,8972.55
2019-06-24,8967.21
2019-06-25,8919.8
2019-06-26,8771.74
2019-06-27,8810.07
2019-06-28,8851.23
2019-07-01,8882.94
2019-07-02,8966.01
2019-07-03,9064.36
2019-07-05,9037.12
2019-07-08,9033.28
2019-07-09,9046.13
2019-07-10,9075.94
2019-07-11,9058.09
2019-07-12,9053.35
2019-07-15,9073.38
2019-07-16,9044.05
2019-07-17,9021.74
2019-07-18,9060.51
2019-07-19,8942.96
2019-07-22,8934.56
2019-07-23,8963.66
2019-07-24,8954.36
2019-07-25,8948.48
2019-07-26,9014.46
2019-07-29,9027.15
2019-07-30,9003.37
2019-07-31,8936.14
2019-08-01,8934.15
2019-08-02,8944.77
2019-08-05,8744.57
2019-08-06,8868.87
2019-08-07,8893.3
2019-08-08,9021.15
2019-08-09,9021.06
2019-08-12,8959.44
2019-08-13,9019.97
2019-08-14,8846.21
2019-08-15,8942.25
2019-08-16,9015.51
2019-08-19,9080.21
2019-08-20,9018.6
2019-08-21,9062.17
2019-08-22,9084.63
2019-08-23,8931.32
2019-08-26,9029
2019-08-27,9029.62
2019-08-28,9053.06
2019-08-29,9116.16
2019-08-30,9130.33
2019-09-03,9182.18
2019-09-04,9243.94
2019-09-05,9225.18
2019-09-06,9240.52
2019-09-09,9181.54
2019-09-10,9111.15
2019-09-11,9157.63
2019-09-12,9195.01
2019-09-13,9146.74
2019-09-16,9148.01
2019-09-17,9231.02
2019-09-18,9249.83
2019-09-19,9251.99
2019-09-20,9242.29
2019-09-23,9247.38
2019-09-24,9268.87
2019-09-25,9279.25
2019-09-26,9323
2019-09-27,9283.52
2019-09-30,9305.78
2019-10-01,9231.88
2019-10-02,9108.85
2019-10-03,9159.38
2019-10-04,9291.93
2019-10-07,9242.73
2019-10-08,9134.83
2019-10-09,9178.93
2019-10-10,9201.96
2019-10-11,9213.65
2019-10-14,9184.43
2019-10-15,9191.99
2019-10-16,9193.47
2019-10-17,9212.49
2019-10-18,9239.79
2019-10-21,9282.58
2019-10-22,9235.02
2019-10-23,9257.71
2019-10-24,9279.11
2019-10-25,9218.81
2019-10-28,9173.55
2019-10-29,9206.42
2019-10-30,9270.01
2019-10-31,9261.71
2019-11-01,9259.44
2019-11-04,9188.2
2019-11-05,9137.3
2019-11-06,9192.2
2019-11-07,9148
2019-11-08,9134.02
2019-11-11,9113.29
2019-11-12,9106.17
2019-11-13,9181.15
2019-11-14,9204.77
2019-11-15,9230.33
2019-11-18,9245.14
2019-11-19,9237.82
2019-11-20,9235.89
2019-11-21,9181.8
2019-11-22,9180.91
2019-11-25,9175.04
2019-11-26,9247.62
2019-11-27,9268.78
2019-11-29,9241.66
2019-12-02,9154.04
2019-12-03,9157.8
2019-12-04,9214.38
2019-12-05,9228.82
2019-12-06,9253.54
2019-12-09,9240.9
2019-12-10,9219.39
2019-12-11,9199.95
2019-12-12,9175.38
2019-12-13,9209.16
2019-12-16,9266.06
2019-12-17,9253.74
2019-12-18,9267.59
2019-12-19,9304.31
2019-12-20,9357.25
2019-12-23,9303.2
2019-12-24,9311.79
2019-12-26,9332.62
2019-12-27,9356.12
2019-12-30,9337.17
2019-12-31,9377.65
2020-01-02,9312.46
2020-01-03,9329.99
2020-01-06,9337.99
2020-01-07,9282.65
2020-01-08,9304.88
2020-01-09,9353.98
2020-01-10,9360.88
2020-01-13,9424.59
2020-01-14,9413.78
2020-01-15,9485.52
2020-01-16,9554.2
2020-01-17,9606.34
2020-01-21,9645.54
2020-01-22,9645.14
2020-01-23,9704.37
2020-01-24,9687.15
2020-01-27,9628.73
2020-01-28,9670.02
2020-01-29,9656.35
2020-01-30,9742.74
2020-01-31,9653.89
2020-02-03,9689.47
2020-02-04,9705.59
2020-02-05,9775.1
2020-02-06,9781.25
2020-02-07,9760.52
2020-02-10,9819.11
2020-02-11,9844.77
2020-02-12,9845.45
2020-02-13,9904.19
2020-02-14,9969.07
2020-02-18,9964.64
2020-02-19,9899.55
2020-02-20,9904.31
2020-02-21,9887.16
2020-02-24,9713.21
2020-02-25,9467.56
2020-02-26,9390.69
2020-02-27,8954.45
2020-02-28,8712.26
2020-03-02,9152.89
2020-03-03,9009.78
2020-03-04,9445.85
2020-03-05,9224.08
2020-03-06,9123.53
2020-03-09,8553.09
2020-03-10,8826.4
2020-03-11,8396.42
2020-03-12,7607.7
2020-03-13,8138.87
2020-03-16,7121.76
2020-03-17,7723.66
2020-03-18,7240.52
2020-03-19,7112.37
2020-03-20,6668.71
2020-03-23,6347.92
2020-03-24,6950.73
2020-03-25,7109.41
2020-03-26,7597.69
2020-03-27,7555.38
2020-03-30,7775.54
2020-03-31,7546.73
2020-04-01,7183.36
2020-04-02,7318.86
2020-04-03,7175.27
2020-04-06,7696.97
2020-04-07,7675.65
2020-04-08,8002.37
2020-04-09,8290.69
2020-04-13,8055.44
2020-04-14,8295.82
2020-04-15,8025.78
2020-04-16,8013.46
2020-04-17,8279.94
2020-04-20,8025.92
2020-04-21,7833.92
2020-04-22,7972.74
2020-04-23,7863.25
2020-04-24,7936.25
2020-04-27,8087.35
2020-04-28,8127.45
2020-04-29,8197.81
2020-04-30,8042.58
2020-05-01,7836.94
2020-05-04,7840.12
2020-05-05,7905.41
2020-05-06,7727.07
2020-05-07,7831.08
2020-05-08,7956.56
2020-05-11,7900
2020-05-12,7722.74
2020-05-13,7574.28
2020-05-14,7628.1
2020-05-15,7629.29
2020-05-18,7789.18
2020-05-19,7691.77
2020-05-20,7731.43
2020-05-21,7661.84
2020-05-22,7686.44
2020-05-26,7750.04
2020-05-27,7900.06
2020-05-28,7978.09
2020-05-29,8051.33
2020-06-01,8053.12
2020-06-02,8118.7
2020-06-03,8161.16
2020-06-04,8113.04
2020-06-05,8229.54
2020-06-08,8309.28
2020-06-09,8205.39
2020-06-10,8176.84
2020-06-11,7807.28
2020-06-12,7834.23
2020-06-15,7898.29
2020-06-16,8011.53
2020-06-17,8019.18
2020-06-18,8015.94
2020-06-19,7980.52
2020-06-22,7988.97
2020-06-23,7981.51
2020-06-24,7832.55
2020-06-25,7897.37
2020-06-26,7813.05
2020-06-29,7906.69
2020-06-30,8004.44
2020-07-01,8042.67
2020-07-02,8085.68
2020-07-06,8144.2
2020-07-07,8111.57
2020-07-08,8111.29
2020-07-09,8084.47
2020-07-10,8156.48
2020-07-13,8133.98
2020-07-14,8265.96
2020-07-15,8342.25
2020-07-16,8363.28
2020-07-17,8440.19
2020-07-20,8431.22
2020-07-21,8462.13
2020-07-22,8526.19
2020-07-23,8506.97
2020-07-24,8452.34
2020-07-27,8502.48
2020-07-28,8480.43
2020-07-29,8577.4
2020-07-30,8550.57
2020-07-31,8586.28
2020-08-03,8608.01
2020-08-04,8646.08
2020-08-05,8637.75
2020-08-06,8624.72
2020-08-07,8695.62
2020-08-10,8700.77
2020-08-11,8636.94
2020-08-12,8730.97
2020-08-13,8729.16
2020-08-14,8724.92
2020-08-17,8750.67
2020-08-18,8766.03
2020-08-19,8718.08
2020-08-20,8702.32
2020-08-21,8710.21
2020-08-24,8742.5
2020-08-25,8751.02
2020-08-26,8781.68
2020-08-27,8786.65
2020-08-28,8795.03
2020-08-31,8821.16
2020-09-01,8795.14
2020-09-02,8966.5
2020-09-03,8724.37
2020-09-04,8661.17
2020-09-08,8495.94
2020-09-09,8665.65
2020-09-10,8547.81
2020-09-11,8584.6
2020-09-14,8660.95
2020-09-15,8679.49
2020-09-16,8657.01
2020-09-17,8619.99
2020-09-18,8576.58
2020-09-21,8492.35
2020-09-22,8553.47
2020-09-23,8410.52
2020-09-24,8426.92
2020-09-25,8525.48
2020-09-28,8626.26
2020-09-29,8597.11
2020-09-30,8653.72
2020-10-01,8671.74
2020-10-02,8628.74
2020-10-05,8742.37
2020-10-06,8671.69
2020-10-07,8777.79
2020-10-08,8830.22
2020-10-09,8904.21
2020-10-12,8994.61
2020-10-13,8961.55
2020-10-14,8907.14
2020-10-15,8894.03
2020-10-16,8914.6
2020-10-19,8791.29
2020-10-20,8800.85
2020-10-21,8786.79
2020-10-22,8814.28
2020-10-23,8835.82
2020-10-26,8746.3
2020-10-27,8705.45
2020-10-28,8444.61
2020-10-29,8430.78
2020-10-30,8391.94
2020-11-02,8517.93
2020-11-03,8622.32
2020-11-04,8737.19
2020-11-05,8794.6
2020-11-06,8840.61
2020-11-09,8761.01
2020-11-10,8854.93
2020-11-11,8926.8
2020-11-12,8865.72
2020-11-13,8969.04
2020-11-16,9011.64
2020-11-17,8958.09
2020-11-18,8835.08
2020-11-19,8865.3
2020-11-20,8831.93
2020-11-23,8824.61
2020-11-24,8855.39
2020-11-25,8848.37
2020-11-27,8878.06
2020-11-30,8893.87
2020-12-01,8954.44
2020-12-02,8902.59
2020-12-03,8882.9
2020-12-04,8943.43
2020-12-07,8924.07
2020-12-08,8978.3
2020-12-09,8945.03
2020-12-10,8910.65
2020-12-11,8931.73
2020-12-14,8900.86
2020-12-15,8982.61
2020-12-16,8978.28
2020-12-17,9054.25
2020-12-18,9057.15
2020-12-21,8981.78
2020-12-22,8947.63
2020-12-23,8940.42
2020-12-24,8980.51
2020-12-28,9003.33
2020-12-29,8991.05
2020-12-30,8978.31
2020-12-31,9066.46
2021-01-04,8963.66
2021-01-05,8990.6
2021-01-06,9061.42
2021-01-07,9087.23
2021-01-08,9120.78
2021-01-11,9085.26
2021-01-12,9043.78
2021-01-13,9053.71
2021-01-14,9015.89
2021-01-15,9037.97
2021-01-19,9071.11
2021-01-20,9119.98
2021-01-21,9088.18
2021-01-22,9084.54
2021-01-25,9152.48
2021-01-26,9174.87
2021-01-27,9017.14
2021-01-28,9013.32
2021-01-29,8887.22
2021-02-01,8940.22
2021-02-02,9011.88
2021-02-03,8969.01
2021-02-04,9017.66
2021-02-05,9083.09
2021-02-08,9125.26
2021-02-09,9137.41
2021-02-10,9134.07
2021-02-11,9105.04
2021-02-12,9139.72
2021-02-16,9066.5
2021-02-17,9119.74
2021-02-18,9122.9
2021-02-19,9029.13
2021-02-22,8981.3
2021-02-23,8972.61
2021-02-24,8965.31
2021-02-25,8876.51
2021-02-26,8777.28
2021-03-01,8907.37
2021-03-02,8878.43
2021-03-03,8785.2
2021-03-04,8690.24
2021-03-05,8883.24
2021-03-08,8900.96
2021-03-09,8950.73
2021-03-10,9020.57
2021-03-11,9024.99
2021-03-12,9059.45
2021-03-15,9144.28
2021-03-16,9144.34
2021-03-17,9115.08
2021-03-18,9090.27
2021-03-19,9107.96
2021-03-22,9192.95
2021-03-23,9191.62
2021-03-24,9157.98
2021-03-25,9226.68
2021-03-26,9393.04
2021-03-29,9462.23
2021-03-30,9381.41
2021-03-31,9357.25
2021-04-01,9403.74
2021-04-05,9518.26
2021-04-06,9520.2
2021-04-07,9482.17
2021-04-08,9499.24
2021-04-09,9531.64
2021-04-12,9570.28
2021-04-13,9591.7
2021-04-14,9555.41
2021-04-15,9665.49
2021-04-16,9724.86
2021-04-19,9700.06
2021-04-20,9730.9
2021-04-21,9778.77
2021-04-22,9738.25
2021-04-23,9756.09
2021-04-26,9704.2
2021-04-27,9700.57
2021-04-28,9676.89
2021-04-29,9751.46
2021-04-30,9733.3
2021-05-03,9825.48
2021-05-04,9811.01
2021-05-05,9830.39
2021-05-06,9903.79
2021-05-07,9937.98
2021-05-10,9983.44
2021-05-11,9872.69
2021-05-12,9710.71
2021-05-13,9843.12
2021-05-14,9893.63
2021-05-17,9852.04
2021-05-18,9806.9
2021-05-19,9770.56
2021-05-20,9869.71
2021-05-21,9864.25
2021-05-24,9874.14
2021-05-25,9844.13
2021-05-26,9827.64
2021-05-27,9810.27
2021-05-28,9832.2
2021-06-01,9781.33
2021-06-02,9828.08
2021-06-03,9856.38
2021-06-04,9896.25
2021-06-07,9858.21
2021-06-08,9818.69
2021-06-09,9819.38
2021-06-10,9885.89
2021-06-11,9902.15
2021-06-14,9897.11
2021-06-15,9892.01
2021-06-16,9785.5
2021-06-17,9801.98
2021-06-18,9657.11
2021-06-21,9786.15
2021-06-22,9792.09
2021-06-23,9730.05
2021-06-24,9760.54
2021-06-25,9835.09
2021-06-28,9843.58
